Date,Time,Latitude,Longitude,Location Description,Weather Conditions,Road Conditions,Visibility,Accident Type,Injury Severity,Contributing Factors,Vehicle Type,No of Vehichles,Vehicle Speed,Day of Week,Month,Year
05-01-2022,15:30:00,40.7128,-74.006,Highway,Foggy,Wet,Poor,Collision,Moderate,Speeding,Truck,1,45,Wednesday,January,2022
10-02-2022,18:45:00,41.8781,-87.6298,Street,Rainy,Wet,Poor,Rollover,Severe,Drunk Driving,Motorcycle,1,40,Thursday,February,2022
25-05-2022,17:10:00,40.7128,-74.006,Street,Rainy,Wet,Poor,Collision,Severe,Speeding,Car,1,50,Wednesday,May,2022
30-06-2022,14:30:00,41.8781,-87.6298,Intersection,Clear,Dry,Clear,Rollover,Minor,Distracted Driving,Truck,1,35,Thursday,June,2022
10-08-2022,12:45:00,40.7128,-74.006,Highway,Rainy,Wet,Poor,Rollover,Severe,Drunk Driving,Motorcycle,1,30,Wednesday,August,2022
25-11-2022,14:10:00,40.7128,-74.006,Street,Rainy,Wet,Poor,Collision,Severe,Speeding,Car,1,55,Thursday,November,2022
30-12-2022,10:00:00,41.8781,-87.6298,Intersection,Clear,Dry,Clear,Rollover,Minor,Distracted Driving,Truck,1,30,Monday,December,2022
10-02-2023,18:45:00,40.7128,-74.006,Intersection,Rainy,Wet,Poor,Rollover,Severe,Drunk Driving,Motorcycle,1,35,Thursday,February,2023
25-05-2023,17:10:00,40.7128,-74.006,Highway,Rainy,Wet,Poor,Collision,Severe,Speeding,Car,1,45,Thursday,May,2023
30-06-2023,14:30:00,41.8781,-87.6298,Street,Clear,Dry,Clear,Rollover,Minor,Distracted Driving,Truck,1,35,Wednesday,June,2023
10-08-2023,12:45:00,40.7128,-74.006,Street,Rainy,Wet,Poor,Rollover,Severe,Drunk Driving,Motorcycle,1,30,Wednesday,August,2023
25-11-2023,14:10:00,40.7128,-74.006,Intersection,Rainy,Wet,Poor,Collision,Severe,Speeding,Car,1,55,Thursday,November,2023
30-12-2023,10:00:00,41.8781,-87.6298,Highway,Clear,Dry,Clear,Rollover,Minor,Distracted Driving,Truck,1,30,Monday,December,2023
10-02-2024,18:45:00,40.7128,-74.006,Intersection,Rainy,Wet,Poor,Rollover,Severe,Drunk Driving,Motorcycle,1,35,Thursday,February,2024
25-05-2024,17:10:00,40.7128,-74.006,Highway,Rainy,Wet,Poor,Collision,Severe,Speeding,Car,1,45,Thursday,May,2024
30-06-2024,14:30:00,41.8781,-87.6298,Street,Clear,Dry,Clear,Rollover,Minor,Distracted Driving,Truck,1,35,Wednesday,June,2024
10-08-2024,12:45:00,40.7128,-74.006,Street,Rainy,Wet,Poor,Rollover,Severe,Drunk Driving,Motorcycle,1,30,Wednesday,August,2024
25-11-2024,14:10:00,40.7128,-74.006,Intersection,Rainy,Wet,Poor,Collision,Severe,Speeding,Car,1,55,Thursday,November,2024
30-12-2024,10:00:00,41.8781,-87.6298,Highway,Clear,Dry,Clear,Rollover,Minor,Distracted Driving,Truck,1,30,Monday,December,2024
05-01-2022,15:30:00,40.7128,-74.006,Highway,Foggy,Wet,Poor,Collision,Moderate,Speeding,Truck,1,45,Wednesday,January,2022
10-02-2022,18:45:00,41.8781,-87.6298,Street,Rainy,Wet,Poor,Rollover,Severe,Drunk Driving,Motorcycle,1,40,Thursday,February,2022
25-05-2022,17:10:00,40.7128,-74.006,Street,Rainy,Wet,Poor,Collision,Severe,Speeding,Car,1,50,Wednesday,May,2022
30-06-2022,14:30:00,41.8781,-87.6298,Intersection,Clear,Dry,Clear,Rollover,Minor,Distracted Driving,Truck,1,35,Thursday,June,2022
10-08-2022,12:45:00,40.7128,-74.006,Highway,Rainy,Wet,Poor,Rollover,Severe,Drunk Driving,Motorcycle,1,30,Wednesday,August,2022
25-11-2022,14:10:00,40.7128,-74.006,Street,Rainy,Wet,Poor,Collision,Severe,Speeding,Car,1,55,Thursday,November,2022
30-12-2022,10:00:00,41.8781,-87.6298,Intersection,Clear,Dry,Clear,Rollover,Minor,Distracted Driving,Truck,1,30,Monday,December,2022
10-02-2023,18:45:00,40.7128,-74.006,Intersection,Rainy,Wet,Poor,Rollover,Severe,Drunk Driving,Motorcycle,1,35,Thursday,February,2023
25-05-2023,17:10:00,40.7128,-74.006,Highway,Rainy,Wet,Poor,Collision,Severe,Speeding,Car,1,45,Thursday,May,2023
30-06-2023,14:30:00,41.8781,-87.6298,Street,Clear,Dry,Clear,Rollover,Minor,Distracted Driving,Truck,1,35,Wednesday,June,2023
10-08-2023,12:45:00,40.7128,-74.006,Street,Rainy,Wet,Poor,Rollover,Severe,Drunk Driving,Motorcycle,1,30,Wednesday,August,2023
25-11-2023,14:10:00,40.7128,-74.006,Intersection,Rainy,Wet,Poor,Collision,Severe,Speeding,Car,1,55,Thursday,November,2023
30-12-2023,10:00:00,41.8781,-87.6298,Highway,Clear,Dry,Clear,Rollover,Minor,Distracted Driving,Truck,1,30,Monday,December,2023
10-02-2024,18:45:00,40.7128,-74.006,Intersection,Rainy,Wet,Poor,Rollover,Severe,Drunk Driving,Motorcycle,1,35,Thursday,February,2024
25-05-2024,17:10:00,40.7128,-74.006,Highway,Rainy,Wet,Poor,Collision,Severe,Speeding,Car,1,45,Thursday,May,2024
30-06-2024,14:30:00,41.8781,-87.6298,Street,Clear,Dry,Clear,Rollover,Minor,Distracted Driving,Truck,1,35,Wednesday,June,2024
10-08-2024,12:45:00,40.7128,-74.006,Street,Rainy,Wet,Poor,Rollover,Severe,Drunk Driving,Motorcycle,1,30,Wednesday,August,2024
25-11-2024,14:10:00,40.7128,-74.006,Intersection,Rainy,Wet,Poor,Collision,Severe,Speeding,Car,1,55,Thursday,November,2024
30-12-2024,10:00:00,41.8781,-87.6298,Highway,Clear,Dry,Clear,Rollover,Minor,Distracted Driving,Truck,1,30,Monday,December,2024
05-01-2022,15:30:00,40.7128,-74.006,Highway,Foggy,Wet,Poor,Collision,Moderate,Speeding,Truck,1,45,Wednesday,January,2022
10-02-2022,18:45:00,41.8781,-87.6298,Street,Rainy,Wet,Poor,Rollover,Severe,Drunk Driving,Motorcycle,1,40,Thursday,February,2022
25-05-2022,17:10:00,40.7128,-74.006,Street,Rainy,Wet,Poor,Collision,Severe,Speeding,Car,1,50,Wednesday,May,2022
30-06-2022,14:30:00,41.8781,-87.6298,Intersection,Clear,Dry,Clear,Rollover,Minor,Distracted Driving,Truck,1,35,Thursday,June,2022
10-08-2022,12:45:00,40.7128,-74.006,Highway,Rainy,Wet,Poor,Rollover,Severe,Drunk Driving,Motorcycle,1,30,Wednesday,August,2022
25-11-2022,14:10:00,40.7128,-74.006,Street,Rainy,Wet,Poor,Collision,Severe,Speeding,Car,1,55,Thursday,November,2022
30-12-2022,10:00:00,41.8781,-87.6298,Intersection,Clear,Dry,Clear,Rollover,Minor,Distracted Driving,Truck,1,30,Monday,December,2022
10-02-2023,18:45:00,40.7128,-74.006,Intersection,Rainy,Wet,Poor,Rollover,Severe,Drunk Driving,Motorcycle,1,35,Thursday,February,2023
25-05-2023,17:10:00,40.7128,-74.006,Highway,Rainy,Wet,Poor,Collision,Severe,Speeding,Car,1,45,Thursday,May,2023
30-06-2023,14:30:00,41.8781,-87.6298,Street,Clear,Dry,Clear,Rollover,Minor,Distracted Driving,Truck,1,35,Wednesday,June,2023
10-08-2023,12:45:00,40.7128,-74.006,Street,Rainy,Wet,Poor,Rollover,Severe,Drunk Driving,Motorcycle,1,30,Wednesday,August,2023
25-11-2023,14:10:00,40.7128,-74.006,Intersection,Rainy,Wet,Poor,Collision,Severe,Speeding,Car,1,55,Thursday,November,2023
30-12-2023,10:00:00,41.8781,-87.6298,Highway,Clear,Dry,Clear,Rollover,Minor,Distracted Driving,Truck,1,30,Monday,December,2023
10-02-2024,18:45:00,40.7128,-74.006,Intersection,Rainy,Wet,Poor,Rollover,Severe,Drunk Driving,Motorcycle,1,35,Thursday,February,2024
25-05-2024,17:10:00,40.7128,-74.006,Highway,Rainy,Wet,Poor,Collision,Severe,Speeding,Car,1,45,Thursday,May,2024
30-06-2024,14:30:00,41.8781,-87.6298,Street,Clear,Dry,Clear,Rollover,Minor,Distracted Driving,Truck,1,35,Wednesday,June,2024
10-08-2024,12:45:00,40.7128,-74.006,Street,Rainy,Wet,Poor,Rollover,Severe,Drunk Driving,Motorcycle,1,30,Wednesday,August,2024
25-11-2024,14:10:00,40.7128,-74.006,Intersection,Rainy,Wet,Poor,Collision,Severe,Speeding,Car,1,55,Thursday,November,2024
30-12-2024,10:00:00,41.8781,-87.6298,Highway,Clear,Dry,Clear,Rollover,Minor,Distracted Driving,Truck,1,30,Monday,December,2024
05-01-2022,15:30:00,40.7128,-74.006,Highway,Foggy,Wet,Poor,Collision,Moderate,Speeding,Truck,1,45,Wednesday,January,2022
10-02-2022,18:45:00,41.8781,-87.6298,Street,Rainy,Wet,Poor,Rollover,Severe,Drunk Driving,Motorcycle,1,40,Thursday,February,2022
25-05-2022,17:10:00,40.7128,-74.006,Street,Rainy,Wet,Poor,Collision,Severe,Speeding,Car,1,50,Wednesday,May,2022
30-06-2022,14:30:00,41.8781,-87.6298,Intersection,Clear,Dry,Clear,Rollover,Minor,Distracted Driving,Truck,1,35,Thursday,June,2022
10-08-2022,12:45:00,40.7128,-74.006,Highway,Rainy,Wet,Poor,Rollover,Severe,Drunk Driving,Motorcycle,1,30,Wednesday,August,2022
25-11-2022,14:10:00,40.7128,-74.006,Street,Rainy,Wet,Poor,Collision,Severe,Speeding,Car,1,55,Thursday,November,2022
30-12-2022,10:00:00,41.8781,-87.6298,Intersection,Clear,Dry,Clear,Rollover,Minor,Distracted Driving,Truck,1,30,Monday,December,2022
10-02-2023,18:45:00,40.7128,-74.006,Intersection,Rainy,Wet,Poor,Rollover,Severe,Drunk Driving,Motorcycle,1,35,Thursday,February,2023
25-05-2023,17:10:00,40.7128,-74.006,Highway,Rainy,Wet,Poor,Collision,Severe,Speeding,Car,1,45,Thursday,May,2023
30-06-2023,14:30:00,41.8781,-87.6298,Street,Clear,Dry,Clear,Rollover,Minor,Distracted Driving,Truck,1,35,Wednesday,June,2023
10-08-2023,12:45:00,40.7128,-74.006,Street,Rainy,Wet,Poor,Rollover,Severe,Drunk Driving,Motorcycle,1,30,Wednesday,August,2023
25-11-2023,14:10:00,40.7128,-74.006,Intersection,Rainy,Wet,Poor,Collision,Severe,Speeding,Car,1,55,Thursday,November,2023
30-12-2023,10:00:00,41.8781,-87.6298,Highway,Clear,Dry,Clear,Rollover,Minor,Distracted Driving,Truck,1,30,Monday,December,2023
10-02-2024,18:45:00,40.7128,-74.006,Intersection,Rainy,Wet,Poor,Rollover,Severe,Drunk Driving,Motorcycle,1,35,Thursday,February,2024
25-05-2024,17:10:00,40.7128,-74.006,Highway,Rainy,Wet,Poor,Collision,Severe,Speeding,Car,1,45,Thursday,May,2024
30-06-2024,14:30:00,41.8781,-87.6298,Street,Clear,Dry,Clear,Rollover,Minor,Distracted Driving,Truck,1,35,Wednesday,June,2024
10-08-2024,12:45:00,40.7128,-74.006,Street,Rainy,Wet,Poor,Rollover,Severe,Drunk Driving,Motorcycle,1,30,Wednesday,August,2024
25-11-2024,14:10:00,40.7128,-74.006,Intersection,Rainy,Wet,Poor,Collision,Severe,Speeding,Car,1,55,Thursday,November,2024
30-12-2024,10:00:00,41.8781,-87.6298,Highway,Clear,Dry,Clear,Rollover,Minor,Distracted Driving,Truck,1,30,Monday,December,2024